Number of  tweets per day that contains at least one of the collected keywords around the Centenary,
created_at_parsed,Count of records
2014-04-01,585
2014-04-02,1471
2014-04-03,1351
2014-04-04,1301
2014-04-05,758
2014-04-06,2216
2014-04-07,1383
2014-04-08,1521
2014-04-09,159
2014-04-10,628
2014-04-11,1471
2014-04-12,1081
2014-04-13,1289
2014-04-14,1705
2014-04-15,1797
2014-04-16,1921
2014-04-17,1383
2014-04-18,1311
2014-04-19,795
2014-04-20,1315
2014-04-21,1141
2014-04-22,1406
2014-04-23,921
2014-04-24,1631
2014-04-25,2182
2014-04-26,1730
2014-04-27,1679
2014-04-28,3321
2014-04-29,1517
2014-04-30,1573
2014-05-01,1692
2014-05-02,1817
2014-05-03,1532
2014-05-04,1045
2014-05-05,1052
2014-05-06,49
2014-05-07,30
2014-05-08,0
2014-05-09,1798
2014-05-10,1221
2014-05-11,1385
2014-05-12,2488
2014-05-13,1898
2014-05-14,1484
2014-05-15,1990
2014-05-16,2491
2014-05-17,1895
2014-05-18,1804
2014-05-19,1898
2014-05-20,1889
2014-05-21,1401
2014-05-22,0
2014-05-23,1181
2014-05-24,1282
2014-05-25,1368
2014-05-26,1450
2014-05-27,2375
2014-05-28,1755
2014-05-29,1890
2014-05-30,2051
2014-05-31,1495
2014-06-01,1324
2014-06-02,2060
2014-06-03,1790
2014-06-04,1709
2014-06-05,1586
2014-06-06,1507
2014-06-07,1226
2014-06-08,1521
2014-06-09,1957
2014-06-10,2415
2014-06-11,1834
2014-06-12,1402
2014-06-13,1704
2014-06-14,1095
2014-06-15,1352
2014-06-16,1460
2014-06-17,2312
2014-06-18,1958
2014-06-19,1956
2014-06-20,1731
2014-06-21,1215
2014-06-22,1014
2014-06-23,1928
2014-06-24,2030
2014-06-25,2757
2014-06-26,3555
2014-06-27,4567
2014-06-28,12029
2014-06-29,3976
2014-06-30,3249
2014-07-01,5754
2014-07-02,3811
2014-07-03,2919
2014-07-04,3571
2014-07-05,1861
2014-07-06,1632
2014-07-07,2518
2014-07-08,2226
2014-07-09,2618
2014-07-10,2488
2014-07-11,2311
2014-07-12,1299
2014-07-13,1847
2014-07-14,2380
2014-07-15,2197
2014-07-16,2531
2014-07-17,2536
2014-07-18,1853
2014-07-19,1518
2014-07-20,2229
2014-07-21,972
2014-07-22,0
2014-07-23,2156
2014-07-24,3367
2014-07-25,2653
2014-07-26,2014
2014-07-27,3160
2014-07-28,8594
2014-07-29,4922
2014-07-30,4992
2014-07-31,4760
2014-08-01,8209
2014-08-02,7831
2014-08-03,14349
2014-08-04,110684
2014-08-05,39047
2014-08-06,9862
2014-08-07,6684
2014-08-08,5191
2014-08-09,3708
2014-08-10,4766
2014-08-11,4091
2014-08-12,2914
2014-08-13,3298
2014-08-14,2802
2014-08-15,2719
2014-08-16,2612
2014-08-17,2612
2014-08-18,2600
2014-08-19,2956
2014-08-20,3146
2014-08-21,3446
2014-08-22,3781
2014-08-23,4019
2014-08-24,3620
2014-08-25,3426
2014-08-26,4252
2014-08-27,4183
2014-08-28,3618
2014-08-29,4231
2014-08-30,2517
2014-08-31,4680
2014-09-01,4351
2014-09-02,3598
2014-09-03,3406
2014-09-04,2119
2014-09-05,2650
2014-09-06,1976
2014-09-07,3334
2014-09-08,3825
2014-09-09,3438
2014-09-10,2833
2014-09-11,2863
2014-09-12,2704
2014-09-13,2034
2014-09-14,2954
2014-09-15,2829
2014-09-16,2384
2014-09-17,2574
2014-09-18,2468
2014-09-19,2791
2014-09-20,2099
2014-09-21,2009
2014-09-22,3271
2014-09-23,3676
2014-09-24,2676
2014-09-25,2649
2014-09-26,3718
2014-09-27,2634
2014-09-28,2369
2014-09-29,2319
2014-09-30,2215
2014-10-01,2994
2014-10-02,2595
2014-10-03,2753
2014-10-04,2139
2014-10-05,1830
2014-10-06,2304
2014-10-07,2740
2014-10-08,2953
2014-10-09,2699
2014-10-10,2929
2014-10-11,2221
2014-10-12,2847
2014-10-13,2953
2014-10-14,2955
2014-10-15,2995
2014-10-16,4543
2014-10-17,4024
2014-10-18,2929
2014-10-19,2936
2014-10-20,2955
2014-10-21,2929
2014-10-22,3665
2014-10-23,2764
2014-10-24,2974
2014-10-25,3504
2014-10-26,2328
2014-10-27,3554
2014-10-28,3690
2014-10-29,3196
2014-10-30,3004
2014-10-31,3599
2014-11-01,3142
2014-11-02,3617
2014-11-03,4658
2014-11-04,5329
2014-11-05,4129
2014-11-06,8411
2014-11-07,9015
2014-11-08,8607
2014-11-09,20168
2014-11-10,11515
2014-11-11,91108
2014-11-12,17164
2014-11-13,6489
2014-11-14,5042
2014-11-15,4087
2014-11-16,4084
2014-11-17,4091
2014-11-18,4289
2014-11-19,3478
2014-11-20,107
2014-11-21,0
2014-11-22,0
2014-11-23,0
2014-11-24,0
2014-11-25,0
2014-11-26,2290
2014-11-27,2465
2014-11-28,2266
2014-11-29,1902
2014-11-30,2317
2014-12-01,2435
2014-12-02,2878
2014-12-03,2750
2014-12-04,2964
2014-12-05,2396
2014-12-06,1998
2014-12-07,1893
2014-12-08,2977
2014-12-09,2591
2014-12-10,2817
2014-12-11,3546
2014-12-12,333
2014-12-13,516
2014-12-14,1914
2014-12-15,2510
2014-12-16,3030
2014-12-17,2753
2014-12-18,2133
2014-12-19,2103
2014-12-20,1746
2014-12-21,1937
2014-12-22,2129
2014-12-23,2022
2014-12-24,3291
2014-12-25,3790
2014-12-26,2144
2014-12-27,1685
2014-12-28,1515
2014-12-29,1644
2014-12-30,1677
2014-12-31,1497
2015-01-01,1203
2015-01-02,1413
2015-01-03,1233
2015-01-04,1372
2015-01-05,1987
2015-01-06,1861
2015-01-07,1707
2015-01-08,1802
2015-01-09,2346
2015-01-10,2087
2015-01-11,1748
2015-01-12,1926
2015-01-13,2015
2015-01-14,2142
2015-01-15,2043
2015-01-16,2129
2015-01-17,1730
2015-01-18,1566
2015-01-19,2353
2015-01-20,2401
2015-01-21,1939
2015-01-22,1844
2015-01-23,2041
2015-01-24,1607
2015-01-25,1741
2015-01-26,2102
2015-01-27,2136
2015-01-28,1893
2015-01-29,2129
2015-01-30,2000
2015-01-31,1574
2015-02-01,1774
2015-02-02,2508
2015-02-03,2281
2015-02-04,2376
2015-02-05,1630
2015-02-06,1790
2015-02-07,1433
2015-02-08,1634
2015-02-09,1994
2015-02-10,978
2015-02-11,1595
2015-02-12,2080
2015-02-13,1977
2015-02-14,1425
2015-02-15,2028
2015-02-16,2317
2015-02-17,2478
2015-02-18,1987
2015-02-19,2419
2015-02-20,2137
2015-02-21,2123
2015-02-22,1939
2015-02-23,2195
2015-02-24,2662
2015-02-25,2576
2015-02-26,2447
2015-02-27,2244
2015-02-28,1940
2015-03-01,1956
2015-03-02,2010
2015-03-03,2407
2015-03-04,2581
2015-03-05,2573
2015-03-06,2698
2015-03-07,1818
2015-03-08,2359
2015-03-09,3194
2015-03-10,3668
2015-03-11,2118
2015-03-12,2826
2015-03-13,2731
2015-03-14,1787
2015-03-15,2427
2015-03-16,2656
2015-03-17,2390
2015-03-18,3160
2015-03-19,2922
2015-03-20,2063
2015-03-21,1992
2015-03-22,1962
2015-03-23,2259
2015-03-24,1954
2015-03-25,1816
2015-03-26,2131
2015-03-27,2380
2015-03-28,1937
2015-03-29,1636
2015-03-30,1795
2015-03-31,2228
2015-04-01,458
2015-04-02,322
2015-04-03,2173
2015-04-04,1802
2015-04-05,1737
2015-04-06,2541
2015-04-07,2418
2015-04-08,2095
2015-04-09,2259
2015-04-10,2397
2015-04-11,2173
2015-04-12,1981
2015-04-13,1900
2015-04-14,2095
2015-04-15,2176
2015-04-16,106
2015-04-17,0
2015-04-18,0
2015-04-19,0
2015-04-20,0
2015-04-21,0
2015-04-22,2860
2015-04-23,3360
2015-04-24,6595
2015-04-25,7605
2015-04-26,3014
2015-04-27,2531
2015-04-28,2542
2015-04-29,2448
2015-04-30,1825
2015-05-01,2121
2015-05-02,1674
2015-05-03,2393
2015-05-04,1750
2015-05-05,1949
2015-05-06,1944
2015-05-07,2678
2015-05-08,1895
2015-05-09,2382
2015-05-10,1655
2015-05-11,1906
2015-05-12,2448
2015-05-13,2226
2015-05-14,2210
2015-05-15,2979
2015-05-16,2061
2015-05-17,1676
2015-05-18,2047
2015-05-19,2039
2015-05-20,1918
2015-05-21,1964
2015-05-22,2361
2015-05-23,1730
2015-05-24,2149
2015-05-25,1859
2015-05-26,2018
2015-05-27,2054
2015-05-28,1875
2015-05-29,1714
2015-05-30,1373
2015-05-31,1886
2015-06-01,1960
2015-06-02,2530
2015-06-03,2032
2015-06-04,2138
2015-06-05,2058
2015-06-06,1709
2015-06-07,1689
2015-06-08,895
2015-06-09,2453
2015-06-10,2203
2015-06-11,41
2015-06-12,302
2015-06-13,1464
2015-06-14,2127
2015-06-15,2351
2015-06-16,2250
2015-06-17,1855
2015-06-18,1998
2015-06-19,1617
2015-06-20,1538
2015-06-21,1455
2015-06-22,2066
2015-06-23,2095
2015-06-24,2296
2015-06-25,2150
2015-06-26,2171
2015-06-27,1414
2015-06-28,2158
2015-06-29,2524
2015-06-30,1299
2015-07-01,0
2015-07-02,1667
2015-07-03,2127
2015-07-04,1707
2015-07-05,1642
2015-07-06,2379
2015-07-07,2097
2015-07-08,2478
2015-07-09,2706
2015-07-10,1839
2015-07-11,1605
2015-07-12,1540
2015-07-13,1673
2015-07-14,1763
2015-07-15,1887
2015-07-16,2141
2015-07-17,1731
2015-07-18,1304
2015-07-19,1255
2015-07-20,1695
2015-07-21,1515
2015-07-22,1695
2015-07-23,1833
2015-07-24,1735
2015-07-25,1773
2015-07-26,1521
2015-07-27,1834
2015-07-28,2673
2015-07-29,3065
2015-07-30,1945
2015-07-31,1684
2015-08-01,1515
2015-08-02,1658
2015-08-03,1979
2015-08-04,2650
2015-08-05,1880
2015-08-06,1953
2015-08-07,1982
2015-08-08,1602
2015-08-09,1376
2015-08-10,2604
2015-08-11,1765
2015-08-12,1749
2015-08-13,1773
2015-08-14,1635
2015-08-15,1217
2015-08-16,1211
2015-08-17,1678
2015-08-18,1555
2015-08-19,1820
2015-08-20,1626
2015-08-21,1694
2015-08-22,1582
2015-08-23,1524
2015-08-24,1601
2015-08-25,1803
2015-08-26,1831
2015-08-27,1831
2015-08-28,1637
2015-08-29,1211
2015-08-30,1472
2015-08-31,1523
2015-09-01,1778
2015-09-02,1749
2015-09-03,1638
2015-09-04,1743
2015-09-05,1384
2015-09-06,1380
2015-09-07,1711
2015-09-08,1886
2015-09-09,672
2015-09-10,0
2015-09-11,0
2015-09-12,0
2015-09-13,966
2015-09-14,1652
2015-09-15,1668
2015-09-16,1609
2015-09-17,1606
2015-09-18,1641
2015-09-19,1242
2015-09-20,1518
2015-09-21,1649
2015-09-22,2265
2015-09-23,1867
2015-09-24,1871
2015-09-25,3033
2015-09-26,2180
2015-09-27,1772
2015-09-28,2261
2015-09-29,2050
2015-09-30,2059
2015-10-01,1934
2015-10-02,1741
2015-10-03,1439
2015-10-04,1675
2015-10-05,2135
2015-10-06,1852
2015-10-07,1966
2015-10-08,2737
2015-10-09,2023
2015-10-10,1840
2015-10-11,1670
2015-10-12,4353
2015-10-13,2389
2015-10-14,2912
2015-10-15,126
2015-10-16,586
2015-10-17,193
2015-10-18,2152
2015-10-19,2163
2015-10-20,2110
2015-10-21,2015
2015-10-22,1895
2015-10-23,1865
2015-10-24,1559
2015-10-25,1904
2015-10-26,2259
2015-10-27,2440
2015-10-28,2065
2015-10-29,2338
2015-10-30,2692
2015-10-31,1939
2015-11-01,2578
2015-11-02,2911
2015-11-03,2760
2015-11-04,4205
2015-11-05,3367
2015-11-06,3564
2015-11-07,3424
2015-11-08,6160
2015-11-09,5322
2015-11-10,6950
2015-11-11,73520
2015-11-12,16337
2015-11-13,3951
2015-11-14,1879
2015-11-15,1951
2015-11-16,2559
2015-11-17,2434
2015-11-18,2427
2015-11-19,2389
2015-11-20,2605
2015-11-21,1667
2015-11-22,1763
2015-11-23,1959
2015-11-24,1888
2015-11-25,2091
2015-11-26,3201
2015-11-27,1646
2015-11-28,1548
2015-11-29,1375
2015-11-30,2476
2015-12-01,1573
2015-12-02,1437
2015-12-03,1534
2015-12-04,2309
2015-12-05,1466
2015-12-06,1444
2015-12-07,2048
2015-12-08,2571
2015-12-09,2196
2015-12-10,1576
2015-12-11,1669
2015-12-12,2081
2015-12-13,1543
2015-12-14,1560
2015-12-15,1545
2015-12-16,1569
2015-12-17,1850
2015-12-18,1417
2015-12-19,1495
2015-12-20,1597
2015-12-21,1417
2015-12-22,1717
2015-12-23,1718
2015-12-24,1730
2015-12-25,1390
2015-12-26,1182
2015-12-27,1102
2015-12-28,1101
2015-12-29,1271
2015-12-30,1208
2015-12-31,1408
2016-01-01,1313
2016-01-02,1178
2016-01-03,1267
2016-01-04,1508
2016-01-05,1627
2016-01-06,1571
2016-01-07,1855
2016-01-08,1808
2016-01-09,1633
2016-01-10,1546
2016-01-11,2099
2016-01-12,1646
2016-01-13,1939
2016-01-14,2102
2016-01-15,1860
2016-01-16,1437
2016-01-17,1761
2016-01-18,2285
2016-01-19,1688
2016-01-20,1991
2016-01-21,2324
2016-01-22,2043
2016-01-23,1706
2016-01-24,1655
2016-01-25,2054
2016-01-26,2015
2016-01-27,2442
2016-01-28,2025
2016-01-29,2347
2016-01-30,1609
2016-01-31,1747
2016-02-01,2515
2016-02-02,2192
2016-02-03,2374
2016-02-04,2540
2016-02-05,1758
2016-02-06,1384
2016-02-07,1791
2016-02-08,2081
2016-02-09,2349
2016-02-10,2134
2016-02-11,2374
2016-02-12,2434
2016-02-13,1747
2016-02-14,1983
2016-02-15,2544
2016-02-16,2878
2016-02-17,2549
2016-02-18,2679
2016-02-19,3322
2016-02-20,3995
2016-02-21,25011
2016-02-22,9374
2016-02-23,4149
2016-02-24,3336
2016-02-25,3309
2016-02-26,2919
2016-02-27,2436
2016-02-28,2371
2016-02-29,2668
2016-03-01,2660
2016-03-02,2693
2016-03-03,2486
2016-03-04,2263
2016-03-05,1938
2016-03-06,2235
2016-03-07,2801
2016-03-08,2954
2016-03-09,2309
2016-03-10,2479
2016-03-11,1933
2016-03-12,1943
2016-03-13,2254
2016-03-14,2905
2016-03-15,2441
2016-03-16,2518
2016-03-17,2798
2016-03-18,2616
2016-03-19,2632
2016-03-20,2214
2016-03-21,2461
2016-03-22,2064
2016-03-23,2351
2016-03-24,2212
2016-03-25,2092
2016-03-26,2208
2016-03-27,3587
2016-03-28,12021
2016-03-29,13299
2016-03-30,4538
2016-03-31,3120
2016-04-01,2520
2016-04-02,2259
2016-04-03,2285
2016-04-04,2324
2016-04-05,2588
2016-04-06,3131
2016-04-07,2295
2016-04-08,2041
2016-04-09,2528
2016-04-10,1817
2016-04-11,2284
2016-04-12,2352
2016-04-13,2068
2016-04-14,2115
2016-04-15,2367
2016-04-16,2042
2016-04-17,2131
2016-04-18,1950
2016-04-19,2655
2016-04-20,2491
2016-04-21,2266
2016-04-22,2386
2016-04-23,2171
2016-04-24,3601
2016-04-25,3511
2016-04-26,2275
2016-04-27,2320
2016-04-28,2306
2016-04-29,2487
2016-04-30,1908
2016-05-01,2021
2016-05-02,2064
2016-05-03,2309
2016-05-04,2114
2016-05-05,2005
2016-05-06,2406
2016-05-07,2584
2016-05-08,1899
2016-05-09,1987
2016-05-10,9993
2016-05-11,23127
2016-05-12,16166
2016-05-13,22225
2016-05-14,13020
2016-05-15,9178
2016-05-16,6621
2016-05-17,6800
2016-05-18,4057
2016-05-19,2840
2016-05-20,3817
2016-05-21,2760
2016-05-22,3146
2016-05-23,3501
2016-05-24,3261
2016-05-25,2750
2016-05-26,3541
2016-05-27,4505
2016-05-28,5344
2016-05-29,69483
2016-05-30,38095
2016-05-31,12996
2016-06-01,5673
2016-06-02,3808
2016-06-03,3421
2016-06-04,3350
2016-06-05,3134
2016-06-06,2800
2016-06-07,3053
2016-06-08,2653
2016-06-09,2329
2016-06-10,2623
2016-06-11,1748
2016-06-12,2841
2016-06-13,2284
2016-06-14,2823
2016-06-15,2470
2016-06-16,2547
2016-06-17,2568
2016-06-18,2255
2016-06-19,2510
2016-06-20,2885
2016-06-21,2886
2016-06-22,2875
2016-06-23,3065
2016-06-24,2529
2016-06-25,2181
2016-06-26,2679
2016-06-27,2965
2016-06-28,5533
2016-06-29,4940
2016-06-30,37721
2016-07-01,262903
2016-07-02,36514
2016-07-03,14260
2016-07-04,9956
2016-07-05,6367
2016-07-06,5385
2016-07-07,5678
2016-07-08,4484
2016-07-09,4658
2016-07-10,4380
2016-07-11,3656
2016-07-12,3921
2016-07-13,3133
2016-07-14,4578
2016-07-15,3355
2016-07-16,2792
2016-07-17,2800
2016-07-18,3377
2016-07-19,3352
2016-07-20,3248
2016-07-21,2955
2016-07-22,2555
2016-07-23,3180
2016-07-24,2938
2016-07-25,2978
2016-07-26,2793
2016-07-27,2586
2016-07-28,3090
2016-07-29,2555
2016-07-30,2530
2016-07-31,2395
2016-08-01,2798
2016-08-02,2585
2016-08-03,3007
2016-08-04,3009
2016-08-05,3205
2016-08-06,1930
2016-08-07,2340
2016-08-08,3003
2016-08-09,2747
2016-08-10,2740
2016-08-11,2398
2016-08-12,2293
2016-08-13,1946
2016-08-14,1827
2016-08-15,2277
2016-08-16,2516
2016-08-17,2447
2016-08-18,2434
2016-08-19,2819
2016-08-20,2057
2016-08-21,2588
2016-08-22,2861
2016-08-23,2973
2016-08-24,2469
2016-08-25,2511
2016-08-26,2567
2016-08-27,2096
2016-08-28,2049
2016-08-29,2156
2016-08-30,2522
2016-08-31,2752
2016-09-01,2721
2016-09-02,2320
2016-09-03,2613
2016-09-04,2226
2016-09-05,2580
2016-09-06,2655
2016-09-07,2445
2016-09-08,2708
2016-09-09,3347
2016-09-10,2213
2016-09-11,2005
2016-09-12,2516
2016-09-13,2741
2016-09-14,3262
2016-09-15,6153
2016-09-16,3713
2016-09-17,2304
2016-09-18,2156
2016-09-19,2273
2016-09-20,2664
2016-09-21,2543
2016-09-22,2474
2016-09-23,2776
2016-09-24,2197
2016-09-25,3405
2016-09-26,3378
2016-09-27,2580
2016-09-28,2539
2016-09-29,3082
2016-09-30,3445
2016-10-01,2442
2016-10-02,2382
2016-10-03,5842
2016-10-04,2456
2016-10-05,2411
2016-10-06,3018
2016-10-07,2750
2016-10-08,2113
2016-10-09,2141
2016-10-10,2758
2016-10-11,2672
2016-10-12,3173
2016-10-13,2576
2016-10-14,2757
2016-10-15,2409
2016-10-16,2702
2016-10-17,3799
2016-10-18,3099
2016-10-19,3122
2016-10-20,2576
2016-10-21,2438
2016-10-22,2135
2016-10-23,1949
2016-10-24,2710
2016-10-25,2761
2016-10-26,2953
2016-10-27,2703
2016-10-28,2756
2016-10-29,2167
2016-10-30,2259
2016-10-31,3217
2016-11-01,4878
2016-11-02,7761
2016-11-03,5978
2016-11-04,6683
2016-11-05,5441
2016-11-06,4568
2016-11-07,7570
2016-11-08,6829
2016-11-09,6065
2016-11-10,12321
2016-11-11,107478
2016-11-12,30183
2016-11-13,12491
2016-11-14,5577
2016-11-15,3921
2016-11-16,3617
2016-11-17,3447
2016-11-18,11334
2016-11-19,4081
2016-11-20,2849
2016-11-21,2683
2016-11-22,2796
2016-11-23,2514
2016-11-24,2047
2016-11-25,2011
2016-11-26,2229
2016-11-27,1889
2016-11-28,2077
2016-11-29,2446
2016-11-30,2198
2016-12-01,3883
2016-12-02,3754
2016-12-03,3545
2016-12-04,3518
2016-12-05,3743
2016-12-06,4171
2016-12-07,3669
2016-12-08,2655
2016-12-09,2068
2016-12-10,1898
2016-12-11,1996
2016-12-12,1898
2016-12-13,1805
2016-12-14,2045
2016-12-15,2430
2016-12-16,2316
2016-12-17,1796
2016-12-18,2251
2016-12-19,3960
2016-12-20,2538
2016-12-21,2226
2016-12-22,2169
2016-12-23,1979
2016-12-24,1985
2016-12-25,1725
2016-12-26,1554
2016-12-27,1472
2016-12-28,1590
2016-12-29,1926
2016-12-30,1764
2016-12-31,1824
2017-01-01,1492
2017-01-02,1697
2017-01-03,2371
2017-01-04,2600
2017-01-05,2283
2017-01-06,2277
2017-01-07,1953
2017-01-08,2627
2017-01-09,2462
2017-01-10,2178
2017-01-11,2165
2017-01-12,2285
2017-01-13,2175
2017-01-14,1585
2017-01-15,1770
2017-01-16,1871
2017-01-17,2441
2017-01-18,2491
2017-01-19,2601
2017-01-20,1809
2017-01-21,1610
2017-01-22,1580
2017-01-23,1778
2017-01-24,2161
2017-01-25,2176
2017-01-26,2000
2017-01-27,1912
2017-01-28,1489
2017-01-29,1468
2017-01-30,1634
2017-01-31,2060
2017-02-01,2450
2017-02-02,1969
2017-02-03,2353
2017-02-04,2152
2017-02-05,1903
2017-02-06,2094
2017-02-07,2309
2017-02-08,2290
2017-02-09,1986
2017-02-10,2153
2017-02-11,1948
2017-02-12,1998
2017-02-13,2157
2017-02-14,2487
2017-02-15,2020
2017-02-16,2396
2017-02-17,2457
2017-02-18,1890
2017-02-19,1963
2017-02-20,2581
2017-02-21,2369
2017-02-22,2374
2017-02-23,2652
2017-02-24,2277
2017-02-25,2158
2017-02-26,1851
2017-02-27,2129
2017-02-28,2183
2017-03-01,2521
2017-03-02,2611
2017-03-03,2701
2017-03-04,2055
2017-03-05,2203
2017-03-06,2089
2017-03-07,3004
2017-03-08,3442
2017-03-09,2633
2017-03-10,2719
2017-03-11,2370
2017-03-12,2276
2017-03-13,2367
2017-03-14,3082
2017-03-15,3009
2017-03-16,3072
2017-03-17,3597
2017-03-18,2957
2017-03-19,2385
2017-03-20,3102
2017-03-21,4178
2017-03-22,3058
2017-03-23,2861
2017-03-24,3428
2017-03-25,2688
2017-03-26,2721
2017-03-27,3326
2017-03-28,3941
2017-03-29,4108
2017-03-30,4000
2017-03-31,3498
2017-04-01,3476
2017-04-02,3593
2017-04-03,4714
2017-04-04,5638
2017-04-05,7025
2017-04-06,20582
2017-04-07,13609
2017-04-08,14933
2017-04-09,71354
2017-04-10,26293
2017-04-11,13226
2017-04-12,6052
2017-04-13,4956
2017-04-14,3843
2017-04-15,3565
2017-04-16,9898
2017-04-17,4037
2017-04-18,3070
2017-04-19,3137
2017-04-20,3423
2017-04-21,3046
2017-04-22,2672
2017-04-23,3093
2017-04-24,3106
2017-04-25,4495
2017-04-26,2715
2017-04-27,2552
2017-04-28,2624
2017-04-29,2475
2017-04-30,2195
2017-05-01,2204
2017-05-02,2682
2017-05-03,3136
2017-05-04,2683
2017-05-05,3497
2017-05-06,2266
2017-05-07,2450
2017-05-08,2407
2017-05-09,2869
2017-05-10,2332
2017-05-11,2405
2017-05-12,2777
2017-05-13,2128
2017-05-14,1980
2017-05-15,2209
2017-05-16,2925
2017-05-17,2862
2017-05-18,2987
2017-05-19,2580
2017-05-20,2189
2017-05-21,2355
2017-05-22,3051
2017-05-23,2269
2017-05-24,2666
2017-05-25,2943
2017-05-26,2346
2017-05-27,2309
2017-05-28,2494
2017-05-29,3609
2017-05-30,2959
2017-05-31,2439
2017-06-01,2789
2017-06-02,2770
2017-06-03,2017
2017-06-04,1973
2017-06-05,2321
2017-06-06,2329
2017-06-07,2966
2017-06-08,2399
2017-06-09,2063
2017-06-10,1896
2017-06-11,1862
2017-06-12,2345
2017-06-13,2961
2017-06-14,2540
2017-06-15,2697
2017-06-16,2440
2017-06-17,1879
2017-06-18,1893
2017-06-19,2427
2017-06-20,2434
2017-06-21,2449
2017-06-22,3142
2017-06-23,2499
2017-06-24,3086
2017-06-25,3258
2017-06-26,2613
2017-06-27,2486
2017-06-28,3058
2017-06-29,2708
2017-06-30,2556
2017-07-01,4694
2017-07-02,2990
2017-07-03,2828
2017-07-04,2815
2017-07-05,2429
2017-07-06,2633
2017-07-07,2295
2017-07-08,1826
2017-07-09,1736
2017-07-10,2028
2017-07-11,2220
2017-07-12,2456
2017-07-13,2635
2017-07-14,3374
2017-07-15,2072
2017-07-16,1886
2017-07-17,2054
2017-07-18,2266
2017-07-19,2250
2017-07-20,665
2017-07-21,2283
2017-07-22,1922
2017-07-23,1678
2017-07-24,2163
2017-07-25,2441
2017-07-26,2476
2017-07-27,2689
2017-07-28,2991
2017-07-29,2337
2017-07-30,4278
2017-07-31,6704
2017-08-01,3283
2017-08-02,2728
2017-08-03,2522
2017-08-04,3318
2017-08-05,2245
2017-08-06,2253
2017-08-07,2565
2017-08-08,2335
2017-08-09,2188
2017-08-10,2085
2017-08-11,2675
2017-08-12,1789
2017-08-13,1420
2017-08-14,1875
2017-08-15,2044
2017-08-16,2072
2017-08-17,1854
2017-08-18,2318
2017-08-19,1663
2017-08-20,1704
2017-08-21,2825
2017-08-22,3960
2017-08-23,2616
2017-08-24,2299
2017-08-25,2493
2017-08-26,1819
2017-08-27,1922
2017-08-28,2352
2017-08-29,2037
2017-08-30,2179
2017-08-31,2201
2017-09-01,2107
2017-09-02,2143
2017-09-03,1855
2017-09-04,1657
2017-09-05,2057
2017-09-06,2123
2017-09-07,1975
2017-09-08,1912
2017-09-09,1647
2017-09-10,1612
2017-09-11,2408
2017-09-12,2178
2017-09-13,2077
2017-09-14,1939
2017-09-15,2193
2017-09-16,1878
2017-09-17,1565
2017-09-18,2019
2017-09-19,2044
2017-09-20,2375
2017-09-21,2306
2017-09-22,2262
2017-09-23,1748
2017-09-24,1749
2017-09-25,2218
2017-09-26,2549
2017-09-27,2143
2017-09-28,1742
2017-09-29,1671
2017-09-30,1428
2017-10-01,1578
2017-10-02,1359
2017-10-03,1588
2017-10-04,2065
2017-10-05,1793
2017-10-06,1655
2017-10-07,1169
2017-10-08,1243
2017-10-09,1766
2017-10-10,1615
2017-10-11,1762
2017-10-12,1931
2017-10-13,2188
2017-10-14,1602
2017-10-15,1600
2017-10-16,1455
2017-10-17,1459
2017-10-18,1750
2017-10-19,1812
2017-10-20,1620
2017-10-21,1511
2017-10-22,1475
2017-10-23,1554
2017-10-24,1747
2017-10-25,1712
2017-10-26,3196
2017-10-27,2408
2017-10-28,2202
2017-10-29,1867
2017-10-30,2211
2017-10-31,2445
2017-11-01,2303
2017-11-02,2473
2017-11-03,2857
2017-11-04,2900
2017-11-05,2930
2017-11-06,3125
2017-11-07,6834
2017-11-08,5845
2017-11-09,5214
2017-11-10,9776
2017-11-11,92265
2017-11-12,51690
2017-11-13,19998
2017-11-14,3210
2017-11-15,2711
2017-11-16,2540
2017-11-17,2452
2017-11-18,1625
2017-11-19,1667
2017-11-20,1845
2017-11-21,1810
2017-11-22,1609
2017-11-23,1286
2017-11-24,1293
2017-11-25,1323
2017-11-26,1485
2017-11-27,1280
2017-11-28,1469
2017-11-29,2648
2017-11-30,2835
2017-12-01,4731
2017-12-02,1422
2017-12-03,1415
2017-12-04,1484
2017-12-05,6557
2017-12-06,3153
2017-12-07,1818
2017-12-08,1991
2017-12-09,3758
2017-12-10,1723
2017-12-11,1787
2017-12-12,1580
2017-12-13,1684
2017-12-14,3029
2017-12-15,1767
2017-12-16,1049
2017-12-17,756
2017-12-18,1161
2017-12-19,2031
2017-12-20,1167
2017-12-21,1188
2017-12-22,1268
2017-12-23,952
2017-12-24,1308
2017-12-25,912
2017-12-26,1881
2017-12-27,1243
2017-12-28,962
2017-12-29,858
2017-12-30,1220
2017-12-31,1032
2018-01-01,1090
2018-01-02,1139
2018-01-03,1132
2018-01-04,1264
2018-01-05,1347
2018-01-06,947
2018-01-07,1342
2018-01-08,1500
2018-01-09,1211
2018-01-10,1122
2018-01-11,1052
2018-01-12,1338
2018-01-13,1337
2018-01-14,939
2018-01-15,1024
2018-01-16,1212
2018-01-17,1402
2018-01-18,1243
2018-01-19,1042
2018-01-20,1170
2018-01-21,1083
2018-01-22,1568
2018-01-23,1189
2018-01-24,1198
2018-01-25,1272
2018-01-26,1152
2018-01-27,968
2018-01-28,1391
2018-01-29,1203
2018-01-30,1320
2018-01-31,1225
2018-02-01,1427
2018-02-02,1347
2018-02-03,1567
2018-02-04,1157
2018-02-05,1820
2018-02-06,80404
2018-02-07,19583
2018-02-08,4416
2018-02-09,3934
2018-02-10,2046
2018-02-11,1767
2018-02-12,1724
2018-02-13,1503
2018-02-14,1592
2018-02-15,1447
2018-02-16,1421
2018-02-17,1379
2018-02-18,1141
2018-02-19,1324
2018-02-20,1710
2018-02-21,2542
2018-02-22,1530
2018-02-23,1512
2018-02-24,1394
2018-02-25,1315
2018-02-26,1730
2018-02-27,1625
2018-02-28,1984
2018-03-01,1419
2018-03-02,1780
2018-03-03,1204
2018-03-04,1337
2018-03-05,1628
2018-03-06,2869
2018-03-07,1558
2018-03-08,2039
2018-03-09,1390
2018-03-10,1137
2018-03-11,1210
2018-03-12,1468
2018-03-13,1596
2018-03-14,1345
2018-03-15,1529
2018-03-16,2073
2018-03-17,1423
2018-03-18,1324
2018-03-19,1321
2018-03-20,3352
2018-03-21,1736
2018-03-22,1314
2018-03-23,1566
2018-03-24,1745
2018-03-25,1500
2018-03-26,1344
2018-03-27,1364
2018-03-28,1745
2018-03-29,1992
2018-03-30,1667
2018-03-31,1431
2018-04-01,1535
2018-04-02,1301
2018-04-03,1510
2018-04-04,1556
2018-04-05,1289
2018-04-06,1773
2018-04-07,1286
2018-04-08,1123
2018-04-09,1879
2018-04-10,1404
2018-04-11,1245
2018-04-12,1330
2018-04-13,1309
2018-04-14,1235
2018-04-15,1175
2018-04-16,1241
2018-04-17,1208
2018-04-18,1342
2018-04-19,1199
2018-04-20,1679
2018-04-21,1424
2018-04-22,1352
2018-04-23,1577
2018-04-24,2118
2018-04-25,24399
2018-04-26,4691
2018-04-27,2146
2018-04-28,1692
2018-04-29,2276
2018-04-30,1893
2018-05-01,1914
2018-05-02,1600
2018-05-03,1440
2018-05-04,1350
2018-05-05,1139
2018-05-06,1072
2018-05-07,1215
2018-05-08,1306
2018-05-09,1514
2018-05-10,1255
2018-05-11,1343
2018-05-12,1197
2018-05-13,994
2018-05-14,1268
2018-05-15,1157
2018-05-16,1115
2018-05-17,231
2018-05-18,0
2018-05-19,501
2018-05-20,847
2018-05-21,1106
2018-05-22,1122
2018-05-23,1129
2018-05-24,1428
2018-05-25,1305
2018-05-26,1170
2018-05-27,1423
2018-05-28,1882
2018-05-29,1574
2018-05-30,1277
2018-05-31,1372
2018-06-01,1364
2018-06-02,1334
2018-06-03,1378
2018-06-04,1450
2018-06-05,1265
2018-06-06,1240
2018-06-07,1766
2018-06-08,1583
2018-06-09,1524
2018-06-10,1739
2018-06-11,1539
2018-06-12,1287
2018-06-13,1754
2018-06-14,1718
2018-06-15,1192
2018-06-16,1173
2018-06-17,1146
2018-06-18,1218
2018-06-19,1200
2018-06-20,1345
2018-06-21,1098
2018-06-22,1242
2018-06-23,926
2018-06-24,1126
2018-06-25,1121
2018-06-26,5235
2018-06-27,1230
2018-06-28,1527
2018-06-29,1357
2018-06-30,1219
2018-07-01,5417
2018-07-02,1768
2018-07-03,1463
2018-07-04,1637
2018-07-05,1134
2018-07-06,1079
2018-07-07,973
2018-07-08,866
2018-07-09,1155
2018-07-10,1680
2018-07-11,1181
2018-07-12,1178
2018-07-13,1280
2018-07-14,1190
2018-07-15,1143
2018-07-16,1063
2018-07-17,1108
2018-07-18,1597
2018-07-19,1261
2018-07-20,1243
2018-07-21,1069
2018-07-22,1145
2018-07-23,1235
2018-07-24,1121
2018-07-25,1416
2018-07-26,1134
2018-07-27,1052
2018-07-28,1325
2018-07-29,1316
2018-07-30,1275
2018-07-31,1606
2018-08-01,1452
2018-08-02,1399
2018-08-03,1550
2018-08-04,1331
2018-08-05,1368
2018-08-06,1301
2018-08-07,1520
2018-08-08,3838
2018-08-09,2252
2018-08-10,1401
2018-08-11,1091
2018-08-12,1019
2018-08-13,1183
2018-08-14,1120
2018-08-15,1121
2018-08-16,1145
2018-08-17,1417
2018-08-18,1245
2018-08-19,899
2018-08-20,993
2018-08-21,1394
2018-08-22,1466
2018-08-23,1573
2018-08-24,1350
2018-08-25,1236
2018-08-26,1532
2018-08-27,1351
2018-08-28,1112
2018-08-29,1144
2018-08-30,1049
2018-08-31,1171
2018-09-01,1020
2018-09-02,1333
2018-09-03,1130
2018-09-04,1152
2018-09-05,1360
2018-09-06,1311
2018-09-07,1325
2018-09-08,1170
2018-09-09,1490
2018-09-10,1265
2018-09-11,1327
2018-09-12,1512
2018-09-13,1288
2018-09-14,2112
2018-09-15,1295
2018-09-16,1570
2018-09-17,1175
2018-09-18,1791
2018-09-19,2103
2018-09-20,1438
2018-09-21,1437
2018-09-22,1745
2018-09-23,1314
2018-09-24,1847
2018-09-25,1780
2018-09-26,2915
2018-09-27,1886
2018-09-28,2361
2018-09-29,3654
2018-09-30,3182
2018-10-01,3773
2018-10-02,3195
2018-10-03,2673
2018-10-04,4222
2018-10-05,4045
2018-10-06,3231
2018-10-07,2439
2018-10-08,3545
2018-10-09,3454
2018-10-10,3637
2018-10-11,3877
2018-10-12,3739
2018-10-13,3411
2018-10-14,3507
2018-10-15,4006
2018-10-16,4955
2018-10-17,4971
2018-10-18,4578
2018-10-19,4994
2018-10-20,5416
2018-10-21,5863
2018-10-22,7680
2018-10-23,6804
2018-10-24,5976
2018-10-25,7252
2018-10-26,13278
2018-10-27,13596
2018-10-28,11884
2018-10-29,15705
2018-10-30,18557
2018-10-31,14031
2018-11-01,22308
2018-11-02,20607
2018-11-03,18606
2018-11-04,24194
2018-11-05,35280
2018-11-06,41453
2018-11-07,41836
2018-11-08,53480
2018-11-09,95701
2018-11-10,162075
2018-11-11,909406
2018-11-12,239907
2018-11-13,66761
2018-11-14,24835
2018-11-15,12964
2018-11-16,8723
2018-11-17,7584
2018-11-18,7733
2018-11-19,5987
2018-11-20,6669
2018-11-21,5740
2018-11-22,4699
2018-11-23,4350
2018-11-24,3639
2018-11-25,3306
2018-11-26,3625
2018-11-27,3647
2018-11-28,3038
2018-11-29,3025
2018-11-30,2708
2018-12-01,2899
2018-12-02,2842
2018-12-03,2842
2018-12-04,3171
2018-12-05,3016
2018-12-06,3278
2018-12-07,3141
2018-12-08,4264
2018-12-09,3062
2018-12-10,3051
2018-12-11,2899
2018-12-12,2810
2018-12-13,2422
2018-12-14,3291
2018-12-15,2074
2018-12-16,2108
2018-12-17,2365
2018-12-18,2353
2018-12-19,2368
2018-12-20,2444
2018-12-21,2529
2018-12-22,1824
2018-12-23,2077
2018-12-24,2709
2018-12-25,2316
2018-12-26,2059
2018-12-27,2021
2018-12-28,1972
2018-12-29,2351
2018-12-30,1769
2018-12-31,1913
2019-01-01,2110
2019-01-02,2556
2019-01-03,2065
2019-01-04,1739
2019-01-05,1773
2019-01-06,1673
2019-01-07,2463
2019-01-08,1980
2019-01-09,1934
2019-01-10,2023
2019-01-11,2245
2019-01-12,1911
2019-01-13,1669
2019-01-14,2045
2019-01-15,2249
2019-01-16,2020
2019-01-17,1903
2019-01-18,2366
2019-01-19,1698
2019-01-20,2036
2019-01-21,2942
2019-01-22,2891
2019-01-23,2347
2019-01-24,2570
2019-01-25,2075
2019-01-26,2467
2019-01-27,9337
2019-01-28,3166
2019-01-29,2427
2019-01-30,2712
2019-01-31,3003
2019-02-01,3140
2019-02-02,1914
2019-02-03,2299
2019-02-04,2630
2019-02-05,2148
2019-02-06,2250
2019-02-07,1835
2019-02-08,2583
2019-02-09,2160
2019-02-10,2065
2019-02-11,2188
2019-02-12,2141
2019-02-13,1866
2019-02-14,1859
2019-02-15,1711
2019-02-16,1459
2019-02-17,1754
2019-02-18,1935
2019-02-19,2283
2019-02-20,2048
2019-02-21,2657
2019-02-22,2876
2019-02-23,1898
2019-02-24,1730
2019-02-25,2270
2019-02-26,2087
2019-02-27,2265
2019-02-28,2345
2019-03-01,2905
2019-03-02,2042
2019-03-03,1817
2019-03-04,2967
2019-03-05,2276
2019-03-06,2454
2019-03-07,2165
2019-03-08,2321
2019-03-09,3421
2019-03-10,2057
2019-03-11,3725
2019-03-12,2683
2019-03-13,2192
2019-03-14,2031
2019-03-15,1918
2019-03-16,1837
2019-03-17,2005
2019-03-18,2141
2019-03-19,2010
2019-03-20,2475
2019-03-21,2888
2019-03-22,5081
2019-03-23,3821
2019-03-24,9517
2019-03-25,4059
2019-03-26,2059
2019-03-27,1914
2019-03-28,1877
2019-03-29,1880
2019-03-30,1743
2019-03-31,1637
2019-04-01,1736
2019-04-02,2145
2019-04-03,2069
2019-04-04,1888
2019-04-05,2666
2019-04-06,2352
2019-04-07,2184
2019-04-08,2030
2019-04-09,3625
2019-04-10,2390
2019-04-11,2234
2019-04-12,2081
2019-04-13,2435
2019-04-14,1879
2019-04-15,2399
2019-04-16,2322
2019-04-17,3134
2019-04-18,2285
2019-04-19,2215
2019-04-20,2132
2019-04-21,2634
2019-04-22,2472
2019-04-23,3010
2019-04-24,18997
2019-04-25,37974
2019-04-26,6960
2019-04-27,2934
2019-04-28,2679
2019-04-29,2449
2019-04-30,2282
2019-05-01,2459
2019-05-02,2474
2019-05-03,3035
2019-05-04,2656
2019-05-05,2562
2019-05-06,2161
2019-05-07,2285
2019-05-08,3504
2019-05-09,2395
2019-05-10,2168
2019-05-11,1689
2019-05-12,1519
2019-05-13,1857
2019-05-14,1932
2019-05-15,2569
2019-05-16,2244
2019-05-17,1742
2019-05-18,1778
2019-05-19,2173
2019-05-20,2030
2019-05-21,2051
2019-05-22,3115
2019-05-23,1858
2019-05-24,3263
2019-05-25,2583
2019-05-26,3968
2019-05-27,4034
2019-05-28,3032
2019-05-29,2481
2019-05-30,2231
2019-05-31,2092
2019-06-01,1642
2019-06-02,1750
2019-06-03,2220
2019-06-04,3543
2019-06-05,8821
2019-06-06,44495
2019-06-07,9516
2019-06-08,2728
2019-06-09,2372
2019-06-10,1870
2019-06-11,2711
2019-06-12,2319
2019-06-13,2633
2019-06-14,3625
2019-06-15,2095
2019-06-16,1391
2019-06-17,1580
2019-06-18,1490
2019-06-19,1782
2019-06-20,3460
2019-06-21,2539
2019-06-22,1718
2019-06-23,1788
2019-06-24,1859
2019-06-25,1675
2019-06-26,1748
2019-06-27,1898
2019-06-28,3345
2019-06-29,1955
2019-06-30,1569
2019-07-01,6685
2019-07-02,2214
2019-07-03,1696
2019-07-04,1979
2019-07-05,1824
2019-07-06,1390
2019-07-07,1695
2019-07-08,2334
2019-07-09,2014
2019-07-10,1524
2019-07-11,1496
2019-07-12,1329
2019-07-13,1404
2019-07-14,1538
2019-07-15,1775
2019-07-16,1345
2019-07-17,2405
2019-07-18,1737
2019-07-19,1847
2019-07-20,2139
2019-07-21,1847
2019-07-22,2282
2019-07-23,1520
2019-07-24,1351
2019-07-25,1530
2019-07-26,1993
2019-07-27,1383
2019-07-28,2095
2019-07-29,1596
2019-07-30,1438
2019-07-31,2210
2019-08-01,2951
2019-08-02,1913
2019-08-03,1336
2019-08-04,1563
2019-08-05,1319
2019-08-06,1580
2019-08-07,2024
2019-08-08,1746
2019-08-09,2267
2019-08-10,3590
2019-08-11,2003
2019-08-12,1869
2019-08-13,1796
2019-08-14,2022
2019-08-15,1869
2019-08-16,1922
2019-08-17,1678
2019-08-18,1779
2019-08-19,2342
2019-08-20,2048
2019-08-21,1844
2019-08-22,1762
2019-08-23,1722
2019-08-24,1410
2019-08-25,1474
2019-08-26,1416
2019-08-27,1792
2019-08-28,1611
2019-08-29,1458
2019-08-30,1636
2019-08-31,1840
2019-09-01,1670
2019-09-02,2169
2019-09-03,1578
2019-09-04,1256
2019-09-05,1311
2019-09-06,1614
2019-09-07,1335
2019-09-08,1522
2019-09-09,1312
2019-09-10,3008
2019-09-11,3618
2019-09-12,2008
2019-09-13,1561
2019-09-14,1863
2019-09-15,2970
2019-09-16,1500
2019-09-17,1745
2019-09-18,2643
2019-09-19,2001
2019-09-20,2007
2019-09-21,2241
2019-09-22,2400
2019-09-23,1883
2019-09-24,1205
2019-09-25,1640
2019-09-26,1765
2019-09-27,1614
2019-09-28,1455
2019-09-29,2124
2019-09-30,1676
2019-10-01,1638
2019-10-02,1704
2019-10-03,1752
2019-10-04,1921
2019-10-05,1612
2019-10-06,2378
2019-10-07,1865
2019-10-08,1681
2019-10-09,1971
2019-10-10,1898
2019-10-11,1794
2019-10-12,1925
2019-10-13,1464
2019-10-14,1750
2019-10-15,2307
2019-10-16,2020
2019-10-17,2292
2019-10-18,2848
2019-10-19,1681
2019-10-20,1936
2019-10-21,2202
2019-10-22,2722
2019-10-23,2712
2019-10-24,4511
2019-10-25,3637
2019-10-26,4143
2019-10-27,3976
2019-10-28,4832
2019-10-29,5185
2019-10-30,4781
2019-10-31,6085
2019-11-01,7263
2019-11-02,7438
2019-11-03,7292
2019-11-04,10626
2019-11-05,12935
2019-11-06,14142
2019-11-07,20217
2019-11-08,31282
2019-11-09,48513
2019-11-10,196815
2019-11-11,415922
2019-11-12,108722
2019-11-13,14140
2019-11-14,6326
2019-11-15,4610
2019-11-16,2888
2019-11-17,3731
2019-11-18,4476
2019-11-19,2948
2019-11-20,2409
2019-11-21,2293
2019-11-22,2601
2019-11-23,1794
2019-11-24,1545
2019-11-25,1579
2019-11-26,2264
2019-11-27,1759
2019-11-28,1987
2019-11-29,1836
2019-11-30,1284
2019-12-01,142
